City ID,City,City State,State ID,State,State Alt.,State Gn.,Country ID
8,Medenine,MUdenine,4595,MUdenine,NULL,MUdenine,NULL
13,Kasserine,Kasssrine,4596,Kasssrine,NULL,Kasssrine,NULL
20,Luan Chau,Vi?n Bi,4597,Vi?n Bi,NULL,Vi?n Bi,NULL
21,Bắc Kạn,Ðông B?c,4598,Ðông B?c,NULL,Ðông B?c,NULL
22,Lạng Sơn,L?ng Son,4599,L?ng Son,NULL,L?ng Son,NULL
26,Hai Duong,H?i Duong,4600,H?i Duong,NULL,H?i Duong,NULL
27,Thái Bình,ThMi Bmnh,4601,ThMi Bmnh,NULL,ThMi Bmnh,NULL
29,Thu Dau Mot,Bình Duong,4602,Bình Duong,NULL,Bình Duong,NULL
30,ÄÃ´ng HÃ,Qu?ng Tr?,4603,Qu?ng Tr?,NULL,Qu?ng Tr?,NULL
2290,Quảng Trị,Qu?ng Tr?,4603,Qu?ng Tr?,NULL,Qu?ng Tr?,NULL
31,Cao Lãnh,Ð?ng Tháp,4604,Ð?ng Tháp,NULL,Ð?ng Tháp,NULL
32,Truc Giang,B?n Tre,4605,B?n Tre,NULL,B?n Tre,NULL
2298,Mỹ Tho,B?n Tre,4605,B?n Tre,NULL,B?n Tre,NULL
33,Tra Vinh,TrM Vinh,4606,TrM Vinh,NULL,TrM Vinh,NULL
35,Cao Bằng,Cao B?ng,4607,Cao B?ng,NULL,Cao B?ng,NULL
80,Bombo,Bamunanika,4608,Bamunanika,NULL,Bamunanika,NULL
84,Sironko,Budadiri,4609,Budadiri,NULL,Budadiri,NULL
86,Katakwi,Usuk,4610,Usuk,NULL,Usuk,NULL
171,Mérida,Extremadura,4611,Extremadura,NULL,Extremadura,NULL
2355,Badajoz,Extremadura,4611,Extremadura,NULL,Extremadura,NULL
199,Dhangarhi,Achham,4612,Achham,NULL,Achham,NULL
247,Barclayville,GrandKru,4613,GrandKru,NULL,GrandKru,NULL
253,Potenza,Basilicata,4614,Basilicata,NULL,Basilicata,NULL
254,Campobasso,Molise,4615,Molise,NULL,Molise,NULL
258,Aosta,Valle d'Aosta,4616,Valle d'Aosta,NULL,Valle d'Aosta,NULL
343,Georgetown,Maccarthy Island,4617,Maccarthy Island,NULL,Maccarthy Island,NULL
3819,Bansang,Maccarthy Island,4617,Maccarthy Island,NULL,Maccarthy Island,NULL
358,Mariehamn,Finström,4618,Finström,NULL,Finström,NULL
360,Kouvola,Southern Finland,4619,Southern Finland,NULL,Southern Finland,NULL
7079,Helsinki,Southern Finland,4619,Southern Finland,NULL,Southern Finland,NULL
422,Gadabay,G?d?b?y,4620,G?d?b?y,NULL,G?d?b?y,NULL
426,Qabala,Q?b?l?,4621,Q?b?l?,NULL,Q?b?l?,NULL
444,Prey Veng,Prey Ving,4622,Prey Ving,NULL,Prey Ving,NULL
446,Stoeng Treng,StMng Tr,4623,StMng Tr,NULL,StMng Tr,NULL
462,Arlon,Arlon,4624,Arlon,NULL,Arlon,NULL
518,San Carlos,Nicaragua,4625,Nicaragua,NULL,Nicaragua,NULL
916,San Juan del Sur,Nicaragua,4625,Nicaragua,NULL,Nicaragua,NULL
2535,Rivas,Nicaragua,4625,Nicaragua,NULL,Nicaragua,NULL
2536,San Juan de Nicaragua,Nicaragua,4625,Nicaragua,NULL,Nicaragua,NULL
945,General Eugenio Alejandrino Garay,Boqueran,4626,Boqueran,NULL,Boqueran,NULL
522,Mariscal Estigarribia,Boqueran,4626,Boqueran,NULL,Boqueran,NULL
531,Ust' Ordynskiy,Ust-Orda Buryat,4627,Ust-Orda Buryat,NULL,Ust-Orda Buryat,NULL
787,Marbella,Andalucía,4628,Andalucía,NULL,Andalucía,NULL
788,Linares,Andalucía,4628,Andalucía,NULL,Andalucía,NULL
789,Algeciras,Andalucía,4628,Andalucía,NULL,Andalucía,NULL
2103,Almería,Andalucía,4628,Andalucía,NULL,Andalucía,NULL
2104,Málaga,Andalucía,4628,Andalucía,NULL,Andalucía,NULL
2105,Jaén,Andalucía,4628,Andalucía,NULL,Andalucía,NULL
2106,Huelva,Andalucía,4628,Andalucía,NULL,Andalucía,NULL
4846,Cádiz,Andalucía,4628,Andalucía,NULL,Andalucía,NULL
4847,Granada‎,Andalucía,4628,Andalucía,NULL,Andalucía,NULL
6728,Seville,Andalucía,4628,Andalucía,NULL,Andalucía,NULL
6203,Córdoba,Andalucía,4628,Andalucía,NULL,Andalucía,NULL
5544,Valladolid,Castilla y León,4629,Castilla y León,NULL,Castilla y León,NULL
2111,Salamanca,Castilla y León,4629,Castilla y León,NULL,Castilla y León,NULL
2112,Burgos,Castilla y León,4629,Castilla y León,NULL,Castilla y León,NULL
790,León,Castilla y León,4629,Castilla y León,NULL,Castilla y León,NULL
791,Mataró,Cataluña,4630,Cataluña,NULL,Cataluña,NULL
2119,Tarragona,Cataluña,4630,Cataluña,NULL,Cataluña,NULL
7009,Barcelona,Cataluña,4630,Cataluña,NULL,Cataluña,NULL
792,Al Ladhiqiyah,Lattakia (Al Ladhiqiyah),4631,Lattakia (Al Ladhiqiyah),NULL,Lattakia (Al Ladhiqiyah),NULL
794,Izaz,Aleppo (Halab),4632,Aleppo (Halab),NULL,Aleppo (Halab),NULL
795,Manbij,Aleppo (Halab),4632,Aleppo (Halab),NULL,Aleppo (Halab),NULL
7011,Aleppo,Aleppo (Halab),4632,Aleppo (Halab),NULL,Aleppo (Halab),NULL
871,Gijón,Principado de Asturias,4633,Principado de Asturias,NULL,Principado de Asturias,NULL
2353,Oviedo,Principado de Asturias,4633,Principado de Asturias,NULL,Principado de Asturias,NULL
2357,San Sebastián,País Vasco,4634,País Vasco,NULL,País Vasco,NULL
872,Vitoria,País Vasco,4634,País Vasco,NULL,País Vasco,NULL
6223,Bilbao,País Vasco,4634,País Vasco,NULL,País Vasco,NULL
7156,Rome,Lazio,4635,Lazio,NULL,Lazio,NULL
873,Vatican City,Lazio,4635,Lazio,NULL,Lazio,NULL
3373,Civitavecchia,Lazio,4635,Lazio,NULL,Lazio,NULL
4878,Newcastle,Tyne and Wear,4636,Tyne and Wear,NULL,Tyne and Wear,NULL
875,Sunderland,Tyne and Wear,4636,Tyne and Wear,NULL,Tyne and Wear,NULL
905,Bradford,West Yorkshire,4637,West Yorkshire,NULL,West Yorkshire,NULL
4886,Leeds,West Yorkshire,4637,West Yorkshire,NULL,West Yorkshire,NULL
906,Sheffield,South Yorkshire,4638,South Yorkshire,NULL,South Yorkshire,NULL
933,Tournavista,HuRnuco,4639,HuRnuco,NULL,HuRnuco,NULL
956,Ñacunday,Alto Paranp,4640,Alto Paranp,NULL,Alto Paranp,NULL
961,Coronel Bogado,Itapga,4641,Itapga,NULL,Itapga,NULL
977,Rēzekne,Latgale,4642,Latgale,NULL,Latgale,NULL
998,Mansehra,N.W.F.P.,4643,N.W.F.P.,NULL,N.W.F.P.,NULL
999,Kohat,N.W.F.P.,4643,N.W.F.P.,NULL,N.W.F.P.,NULL
1000,Abbottabad,N.W.F.P.,4643,N.W.F.P.,NULL,N.W.F.P.,NULL
1001,Mardan,N.W.F.P.,4643,N.W.F.P.,NULL,N.W.F.P.,NULL
4926,Saidu,N.W.F.P.,4643,N.W.F.P.,NULL,N.W.F.P.,NULL
2689,Bannu,N.W.F.P.,4643,N.W.F.P.,NULL,N.W.F.P.,NULL
2690,Dera Ismail Khan,N.W.F.P.,4643,N.W.F.P.,NULL,N.W.F.P.,NULL
6751,Peshawar,N.W.F.P.,4643,N.W.F.P.,NULL,N.W.F.P.,NULL
6752,Kathmandu,Bhaktapur,4644,Bhaktapur,NULL,Bhaktapur,NULL
1002,Lalitpur,Bhaktapur,4644,Bhaktapur,NULL,Bhaktapur,NULL
1021,Mikhalkino,Koryak,4645,Koryak,NULL,Koryak,NULL
1184,Kaesong,Kaesong,4646,Kaesong,NULL,Kaesong,NULL
1195,Modena,Emilia-Romagna,4647,Emilia-Romagna,NULL,Emilia-Romagna,NULL
3350,Parma,Emilia-Romagna,4647,Emilia-Romagna,NULL,Emilia-Romagna,NULL
3351,Ravenna,Emilia-Romagna,4647,Emilia-Romagna,NULL,Emilia-Romagna,NULL
3352,Ferrara,Emilia-Romagna,4647,Emilia-Romagna,NULL,Emilia-Romagna,NULL
3353,Bologna,Emilia-Romagna,4647,Emilia-Romagna,NULL,Emilia-Romagna,NULL
3361,Salerno,Campania,4648,Campania,NULL,Campania,NULL
3362,Benevento,Campania,4648,Campania,NULL,Campania,NULL
1199,Caserta,Campania,4648,Campania,NULL,Campania,NULL
7032,Naples,Campania,4648,Campania,NULL,Campania,NULL
1200,Barletta,Apulia,4649,Apulia,NULL,Apulia,NULL
3363,Bari,Apulia,4649,Apulia,NULL,Apulia,NULL
3364,Foggia,Apulia,4649,Apulia,NULL,Apulia,NULL
3365,Lecce,Apulia,4649,Apulia,NULL,Apulia,NULL
3366,Brindisi,Apulia,4649,Apulia,NULL,Apulia,NULL
3367,Taranto,Apulia,4649,Apulia,NULL,Apulia,NULL
3368,Messina,Sicily,4650,Sicily,NULL,Sicily,NULL
3369,Marsala,Sicily,4650,Sicily,NULL,Sicily,NULL
3370,Siracusa,Sicily,4650,Sicily,NULL,Sicily,NULL
1201,Ragusa,Sicily,4650,Sicily,NULL,Sicily,NULL
6819,Palermo,Sicily,4650,Sicily,NULL,Sicily,NULL
6365,Catania,Sicily,4650,Sicily,NULL,Sicily,NULL
7033,Milan,Lombardia,4651,Lombardia,NULL,Lombardia,NULL
1207,Como,Lombardia,4651,Lombardia,NULL,Lombardia,NULL
3380,Bergamo,Lombardia,4651,Lombardia,NULL,Lombardia,NULL
3381,Trieste,Friuli-Venezia Giulia,4652,Friuli-Venezia Giulia,NULL,Friuli-Venezia Giulia,NULL
1208,Udine,Friuli-Venezia Giulia,4652,Friuli-Venezia Giulia,NULL,Friuli-Venezia Giulia,NULL
1209,Treviso,Veneto,4653,Veneto,NULL,Veneto,NULL
3384,Verona,Veneto,4653,Veneto,NULL,Veneto,NULL
6597,Venice,Veneto,4653,Veneto,NULL,Veneto,NULL
6837,Lyon,Rhône-Alpes,4654,Rhône-Alpes,NULL,Rhône-Alpes,NULL
3452,Saint-Étienne,Rhône-Alpes,4654,Rhône-Alpes,NULL,Rhône-Alpes,NULL
3453,Grenoble,Rhône-Alpes,4654,Rhône-Alpes,NULL,Rhône-Alpes,NULL
1216,Annecy,Rhône-Alpes,4654,Rhône-Alpes,NULL,Rhône-Alpes,NULL
1217,Roanne,Rhône-Alpes,4654,Rhône-Alpes,NULL,Rhône-Alpes,NULL
1275,České Budějovice,Jihoceský,4655,Jihoceský,NULL,Jihoceský,NULL
1344,Roura,Guinaa,4656,Guinaa,NULL,Guinaa,NULL
1345,Sinnamary,Guinaa,4656,Guinaa,NULL,Guinaa,NULL
3817,Saint-Laurent-du-Maroni,Guinaa,4656,Guinaa,NULL,Guinaa,NULL
3818,Iracoubo,Guinaa,4656,Guinaa,NULL,Guinaa,NULL
6866,Cayenne,Guinaa,4656,Guinaa,NULL,Guinaa,NULL
5828,Kourou,Guinaa,4656,Guinaa,NULL,Guinaa,NULL
5256,Rennes,Bretagne,4657,Bretagne,NULL,Bretagne,NULL
3888,Lorient,Bretagne,4657,Bretagne,NULL,Bretagne,NULL
3889,Brest,Bretagne,4657,Bretagne,NULL,Bretagne,NULL
1358,St.-Brieuc,Bretagne,4657,Bretagne,NULL,Bretagne,NULL
1359,Poitier,Poitou-Charentes,4658,Poitou-Charentes,NULL,Poitou-Charentes,NULL
5842,La Rochelle,Poitou-Charentes,4658,Poitou-Charentes,NULL,Poitou-Charentes,NULL
1360,Angers,Pays de la Loire,4659,Pays de la Loire,NULL,Pays de la Loire,NULL
3890,Le Mans,Pays de la Loire,4659,Pays de la Loire,NULL,Pays de la Loire,NULL
3891,Nantes,Pays de la Loire,4659,Pays de la Loire,NULL,Pays de la Loire,NULL
3892,Agen,Aquitaine,4660,Aquitaine,NULL,Aquitaine,NULL
1361,Biarritz,Aquitaine,4660,Aquitaine,NULL,Aquitaine,NULL
6490,Bordeaux,Aquitaine,4660,Aquitaine,NULL,Aquitaine,NULL
6491,Marseille,Provence-Alpes-Côte-d'Azur,4661,Provence-Alpes-Côte-d'Azur,NULL,Provence-Alpes-Côte-d'Azur,NULL
5257,Nice,Provence-Alpes-Côte-d'Azur,4661,Provence-Alpes-Côte-d'Azur,NULL,Provence-Alpes-Côte-d'Azur,NULL
1362,Aix-en-Provence,Provence-Alpes-Côte-d'Azur,4661,Provence-Alpes-Côte-d'Azur,NULL,Provence-Alpes-Côte-d'Azur,NULL
3895,Toulon,Provence-Alpes-Côte-d'Azur,4661,Provence-Alpes-Côte-d'Azur,NULL,Provence-Alpes-Côte-d'Azur,NULL
3896,Béziers,Languedoc-Roussillon,4662,Languedoc-Roussillon,NULL,Languedoc-Roussillon,NULL
3897,Montpellier,Languedoc-Roussillon,4662,Languedoc-Roussillon,NULL,Languedoc-Roussillon,NULL
3898,Nîmes,Languedoc-Roussillon,4662,Languedoc-Roussillon,NULL,Languedoc-Roussillon,NULL
1363,Perpignan,Languedoc-Roussillon,4662,Languedoc-Roussillon,NULL,Languedoc-Roussillon,NULL
1364,Tarbes,Midi-Pyrénées,4663,Midi-Pyrénées,NULL,Midi-Pyrénées,NULL
5258,Toulouse,Midi-Pyrénées,4663,Midi-Pyrénées,NULL,Midi-Pyrénées,NULL
1365,Clermont-Ferrand,Auvergne,4664,Auvergne,NULL,Auvergne,NULL
3899,Vichy,Auvergne,4664,Auvergne,NULL,Auvergne,NULL
3908,Versailles,Île-de-France,4665,Île-de-France,NULL,Île-de-France,NULL
1366,Melun,Île-de-France,4665,Île-de-France,NULL,Île-de-France,NULL
7165,Paris,Île-de-France,4665,Île-de-France,NULL,Île-de-France,NULL
5260,Lille,Nord-Pas-de-Calais,4666,Nord-Pas-de-Calais,NULL,Nord-Pas-de-Calais,NULL
1367,Arras,Nord-Pas-de-Calais,4666,Nord-Pas-de-Calais,NULL,Nord-Pas-de-Calais,NULL
3912,Calais,Nord-Pas-de-Calais,4666,Nord-Pas-de-Calais,NULL,Nord-Pas-de-Calais,NULL
1368,Besançon,Franche-Comté,4667,Franche-Comté,NULL,Franche-Comté,NULL
1369,Río Verde,Magallanes y Antartica Chilena,4668,Magallanes y Antartica Chilena,NULL,Magallanes y Antartica Chilena,NULL
5264,Puerto Williams,Magallanes y Antartica Chilena,4668,Magallanes y Antartica Chilena,NULL,Magallanes y Antartica Chilena,NULL
1370,Cuya,Tarapace,4669,Tarapace,NULL,Tarapace,NULL
1383,Toltén,La Araucanpa,4670,La Araucanpa,NULL,La Araucanpa,NULL
1384,Lonquimay,La Araucanpa,4670,La Araucanpa,NULL,La Araucanpa,NULL
1393,Santa Bárbara,BHo-B,4671,BHo-B,NULL,BHo-B,NULL
1391,Quirihue,BHo-B,4671,BHo-B,NULL,BHo-B,NULL
1419,Ad Diwaniyah,Al-Qadisiyah,4672,Al-Qadisiyah,NULL,Al-Qadisiyah,NULL
1658,25 de Mayo,RRo Negro,4673,RRo Negro,NULL,RRo Negro,NULL
1660,Comallo,RRo Negro,4673,RRo Negro,NULL,RRo Negro,NULL
1661,Ingeniero Jacobacci,RRo Negro,4673,RRo Negro,NULL,RRo Negro,NULL
1662,General Conesa,RRo Negro,4673,RRo Negro,NULL,RRo Negro,NULL
1663,Choele Choel,RRo Negro,4673,RRo Negro,NULL,RRo Negro,NULL
4397,San Antonio Oeste,RRo Negro,4673,RRo Negro,NULL,RRo Negro,NULL
4398,Sierra Colorado,RRo Negro,4673,RRo Negro,NULL,RRo Negro,NULL
1668,Villa Rumipal,CRrdoba,4674,CRrdoba,NULL,CRrdoba,NULL
1680,Trancas,Tucumtn,4675,Tucumtn,NULL,Tucumtn,NULL
1735,Ganca,G?nc?,4676,G?nc?,NULL,G?nc?,NULL
1736,Yevlax,Yevlax,4677,Yevlax,NULL,Yevlax,NULL
2077,Chaguaramas,Anzoztegui,4678,Anzoztegui,NULL,Anzoztegui,NULL
2107,Albacete,Castilla-La Mancha,4679,Castilla-La Mancha,NULL,Castilla-La Mancha,NULL
2108,Toledo,Castilla-La Mancha,4679,Castilla-La Mancha,NULL,Castilla-La Mancha,NULL
2109,Guadalajara,Castilla-La Mancha,4679,Castilla-La Mancha,NULL,Castilla-La Mancha,NULL
2261,Hong Gai,Qu?ng Ninh,4680,Qu?ng Ninh,NULL,Qu?ng Ninh,NULL
2262,Cẩm Phả,Qu?ng Ninh,4680,Qu?ng Ninh,NULL,Qu?ng Ninh,NULL
6185,Haiphong,Qu?ng Ninh,4680,Qu?ng Ninh,NULL,Qu?ng Ninh,NULL
2278,Sơn Tây,Hà Tây,4681,Hà Tây,NULL,Hà Tây,NULL
2279,Ninh Bình,Ninh Bmnh,4682,Ninh Bmnh,NULL,Ninh Bmnh,NULL
2280,Việt Trì,Phú Th?,4683,Phú Th?,NULL,Phú Th?,NULL
2281,Bắc Giang,B?c Giang,4684,B?c Giang,NULL,B?c Giang,NULL
2285,Da Lat,Lâm Ð?ng,4685,Lâm Ð?ng,NULL,Lâm Ð?ng,NULL
2286,Phan Rang,Ninh Thu?n,4686,Ninh Thu?n,NULL,Ninh Thu?n,NULL
2287,Hon Quan,BNnh Phu?c,4687,BNnh Phu?c,NULL,BNnh Phu?c,NULL
2288,Kon Tum,Qu?ng Nam,4688,Qu?ng Nam,NULL,Qu?ng Nam,NULL
2289,Quảng Ngãi,Qu?ng Ngãi,4689,Qu?ng Ngãi,NULL,Qu?ng Ngãi,NULL
2292,Vung Tau,Bà R?a - Vung Tàu,4690,Bà R?a - Vung Tàu,NULL,Bà R?a - Vung Tàu,NULL
2293,Phan Thiet,Bình Thu?n,4691,Bình Thu?n,NULL,Bình Thu?n,NULL
2299,Bạc Liêu,B?c Liêu,4692,B?c Liêu,NULL,B?c Liêu,NULL
2301,Sóc Trăng,Sóc Trang,4693,Sóc Trang,NULL,Sóc Trang,NULL
2348,Egilsstaðir,Austur-Hérað,4694,Austur-Hérað,NULL,Austur-Hérað,NULL
2349,Sauðárkrókur,Akrahreppur,4695,Akrahreppur,NULL,Akrahreppur,NULL
2350,Selfoss,Biskupstungnahreppur,4696,Biskupstungnahreppur,NULL,Biskupstungnahreppur,NULL
2351,Lorca,Región de Murcia,4697,Región de Murcia,NULL,Región de Murcia,NULL
2352,Cartagena,Región de Murcia,4697,Región de Murcia,NULL,Región de Murcia,NULL
4872,Murcia,Región de Murcia,4697,Región de Murcia,NULL,Región de Murcia,NULL
4874,La Coruña,Galicia,4698,Galicia,NULL,Galicia,NULL
4875,Ourense,Galicia,4698,Galicia,NULL,Galicia,NULL
2354,Santiago de Compostela,Galicia,4698,Galicia,NULL,Galicia,NULL
6222,Vigo,Galicia,4698,Galicia,NULL,Galicia,NULL
5587,Yambio,West Equatoria,4699,West Equatoria,NULL,West Equatoria,NULL
2358,Maridi,West Equatoria,4699,West Equatoria,NULL,West Equatoria,NULL
2362,Gogrial,Warap,4700,Warap,NULL,Warap,NULL
2369,Kapoeta,East Equatoria,4701,East Equatoria,NULL,East Equatoria,NULL
5601,Nimule,East Equatoria,4701,East Equatoria,NULL,East Equatoria,NULL
6193,Birmingham,West Midlands,4702,West Midlands,NULL,West Midlands,NULL
2377,Coventry,West Midlands,4702,West Midlands,NULL,West Midlands,NULL
2444,Al Qunaytirah,Golan,4703,Golan,NULL,Golan,NULL
2447,Arua,Arua Municipality,4704,Arua Municipality,NULL,Arua Municipality,NULL
2452,Mityana,Busujju,4705,Busujju,NULL,Busujju,NULL
2456,Mbale,Bungokho,4706,Bungokho,NULL,Bungokho,NULL
2490,Mbarara,Kashari,4707,Kashari,NULL,Kashari,NULL
2524,Alicante,Comunidad Valenciana,4708,Comunidad Valenciana,NULL,Comunidad Valenciana,NULL
2525,Castello,Comunidad Valenciana,4708,Comunidad Valenciana,NULL,Comunidad Valenciana,NULL
6813,Valencia,Comunidad Valenciana,4708,Comunidad Valenciana,NULL,Comunidad Valenciana,NULL
2600,Pilar,Peembucy,4709,Peembucy,NULL,Peembucy,NULL
2625,Zwedru,GrandGedeh,4710,GrandGedeh,NULL,GrandGedeh,NULL
2628,Pec,Ðakovica,4711,Ðakovica,NULL,Ðakovica,NULL
2657,Moss,Ãstfold,4712,Ãstfold,NULL,Ãstfold,NULL
2691,Nepalganj,Banke,4713,Banke,NULL,Banke,NULL
2758,Sambava,Antsiranana,4714,Antsiranana,NULL,Antsiranana,NULL
2759,Ambanja,Antsiranana,4714,Antsiranana,NULL,Antsiranana,NULL
6388,Antsiranana,Antsiranana,4714,Antsiranana,NULL,Antsiranana,NULL
5758,Antalaha,Antsiranana,4714,Antsiranana,NULL,Antsiranana,NULL
5759,Andoany,Antsiranana,4714,Antsiranana,NULL,Antsiranana,NULL
5760,Farafangana,Fianarantsoa,4715,Fianarantsoa,NULL,Fianarantsoa,NULL
5761,Mananjary,Fianarantsoa,4715,Fianarantsoa,NULL,Fianarantsoa,NULL
6389,Fianarantsoa,Fianarantsoa,4715,Fianarantsoa,NULL,Fianarantsoa,NULL
2760,Ihosy,Fianarantsoa,4715,Fianarantsoa,NULL,Fianarantsoa,NULL
2761,Mandritsara,Mahajanga,4716,Mahajanga,NULL,Mahajanga,NULL
2762,Besalampy,Mahajanga,4716,Mahajanga,NULL,Mahajanga,NULL
2763,Marovoay,Mahajanga,4716,Mahajanga,NULL,Mahajanga,NULL
2764,Antsohihy,Mahajanga,4716,Mahajanga,NULL,Mahajanga,NULL
6390,Mahajanga,Mahajanga,4716,Mahajanga,NULL,Mahajanga,NULL
5762,Maintirano,Mahajanga,4716,Mahajanga,NULL,Mahajanga,NULL
2787,Er Rachidia,Mekncs - Tafilalet,4717,Mekncs - Tafilalet,NULL,Mekncs - Tafilalet,NULL
3022,Quezon City,Metropolitan Manila,4718,Metropolitan Manila,NULL,Metropolitan Manila,NULL
3023,Pasay City,Metropolitan Manila,4718,Metropolitan Manila,NULL,Metropolitan Manila,NULL
7126,Manila,Metropolitan Manila,4718,Metropolitan Manila,NULL,Metropolitan Manila,NULL
4985,Tura,Evenk,4719,Evenk,NULL,Evenk,NULL
4986,Noginsk,Evenk,4719,Evenk,NULL,Evenk,NULL
3031,Yessey,Evenk,4719,Evenk,NULL,Evenk,NULL
3044,Agapa,Taymyr,4720,Taymyr,NULL,Taymyr,NULL
3045,Boyarka,Taymyr,4720,Taymyr,NULL,Taymyr,NULL
3046,Nordvik,Taymyr,4720,Taymyr,NULL,Taymyr,NULL
3047,Chelyuskin,Taymyr,4720,Taymyr,NULL,Taymyr,NULL
5003,Vorontsovo,Taymyr,4720,Taymyr,NULL,Taymyr,NULL
5004,Starorybnoye,Taymyr,4720,Taymyr,NULL,Taymyr,NULL
5005,Mikhaylova,Taymyr,4720,Taymyr,NULL,Taymyr,NULL
5006,Dudinka,Taymyr,4720,Taymyr,NULL,Taymyr,NULL
6788,Dikson,Taymyr,4720,Taymyr,NULL,Taymyr,NULL
6304,Norilsk,Taymyr,4720,Taymyr,NULL,Taymyr,NULL
6305,Khatanga,Taymyr,4720,Taymyr,NULL,Taymyr,NULL
3251,Bani Walid,Bani Walid,4721,Bani Walid,NULL,Bani Walid,NULL
3252,Al Marj,Al Hizam Al Akhdar,4722,Al Hizam Al Akhdar,NULL,Al Hizam Al Akhdar,NULL
3275,Kudymkar,Komi-Permyak,4723,Komi-Permyak,NULL,Komi-Permyak,NULL
3290,Kilchu,Hamgyong-bukto,4724,Hamgyong-bukto,NULL,Hamgyong-bukto,NULL
3291,Musan,Hamgyong-bukto,4724,Hamgyong-bukto,NULL,Hamgyong-bukto,NULL
3292,Sonbong,Hamgyong-bukto,4724,Hamgyong-bukto,NULL,Hamgyong-bukto,NULL
5082,Chongjin,Hamgyong-bukto,4724,Hamgyong-bukto,NULL,Hamgyong-bukto,NULL
5083,Kimchaek,Hamgyong-bukto,4724,Hamgyong-bukto,NULL,Hamgyong-bukto,NULL
5084,Hamhung,Hamgyong-namdo,4725,Hamgyong-namdo,NULL,Hamgyong-namdo,NULL
3294,Hungnam,Hamgyong-namdo,4725,Hamgyong-namdo,NULL,Hamgyong-namdo,NULL
3313,Dawra,LaRyoune - Boujdour - Sakia El Hamra,4726,LaRyoune - Boujdour - Sakia El Hamra,NULL,LaRyoune - Boujdour - Sakia El Hamra,NULL
3314,Lemsid,LaRyoune - Boujdour - Sakia El Hamra,4726,LaRyoune - Boujdour - Sakia El Hamra,NULL,LaRyoune - Boujdour - Sakia El Hamra,NULL
3354,Olbia,Sardegna,4727,Sardegna,NULL,Sardegna,NULL
3355,Cagliari,Sardegna,4727,Sardegna,NULL,Sardegna,NULL
5102,Sassari,Sardegna,4727,Sardegna,NULL,Sardegna,NULL
6364,Florence,Toscana,4728,Toscana,NULL,Toscana,NULL
3356,Pisa,Toscana,4728,Toscana,NULL,Toscana,NULL
3357,Livorno,Toscana,4728,Toscana,NULL,Toscana,NULL
3358,Siena,Toscana,4728,Toscana,NULL,Toscana,NULL
3359,Arezzo,Toscana,4728,Toscana,NULL,Toscana,NULL
3371,Pescara,Abruzzo,4729,Abruzzo,NULL,Abruzzo,NULL
3372,L'Aquila,Abruzzo,4729,Abruzzo,NULL,Abruzzo,NULL
3382,Bolzano,Trentino-Alto Adige,4730,Trentino-Alto Adige,NULL,Trentino-Alto Adige,NULL
3383,Trento,Trentino-Alto Adige,4730,Trentino-Alto Adige,NULL,Trentino-Alto Adige,NULL
3499,San Vicente del Caguán,Caqueti,4731,Caqueti,NULL,Caqueti,NULL
3532,Ikela,Cquateur,4732,Cquateur,NULL,Cquateur,NULL
3533,Binga,Cquateur,4732,Cquateur,NULL,Cquateur,NULL
3534,Basankusu,Cquateur,4732,Cquateur,NULL,Cquateur,NULL
3529,Zongo,Cquateur,4732,Cquateur,NULL,Cquateur,NULL
3773,Dibaya,Kasao-Occidental,4733,Kasao-Occidental,NULL,Kasao-Occidental,NULL
3879,Bifoum,Moyen-Ogooul,4734,Moyen-Ogooul,NULL,Moyen-Ogooul,NULL
3886,Cherbourg,Basse-Normandie,4735,Basse-Normandie,NULL,Basse-Normandie,NULL
3887,Caen,Basse-Normandie,4735,Basse-Normandie,NULL,Basse-Normandie,NULL
3900,Nevers,Bourgogne,4736,Bourgogne,NULL,Bourgogne,NULL
3901,Auxerre,Bourgogne,4736,Bourgogne,NULL,Bourgogne,NULL
3902,Dijon,Bourgogne,4736,Bourgogne,NULL,Bourgogne,NULL
3906,Dieppe,Haute-Normandie,4737,Haute-Normandie,NULL,Haute-Normandie,NULL
3907,Rouen,Haute-Normandie,4737,Haute-Normandie,NULL,Haute-Normandie,NULL
6492,Le Havre,Haute-Normandie,4737,Haute-Normandie,NULL,Haute-Normandie,NULL
5259,Limoges,Limousin,4738,Limousin,NULL,Limousin,NULL
3909,Brive,Limousin,4738,Limousin,NULL,Limousin,NULL
3910,Troyes,Champagne-Ardenne,4739,Champagne-Ardenne,NULL,Champagne-Ardenne,NULL
3911,Reims,Champagne-Ardenne,4739,Champagne-Ardenne,NULL,Champagne-Ardenne,NULL
3913,Amiens,Picardie,4740,Picardie,NULL,Picardie,NULL
3914,Mulhouse,Alsace,4741,Alsace,NULL,Alsace,NULL
5261,Strasbourg,Alsace,4741,Alsace,NULL,Alsace,NULL
3915,Nancy,Lorraine,4742,Lorraine,NULL,Lorraine,NULL
3916,Metz,Lorraine,4742,Lorraine,NULL,Lorraine,NULL
3919,Pozo Almonte,Tarapacm,4743,Tarapacm,NULL,Tarapacm,NULL
3986,Kuopio,Eastern Finland,4744,Eastern Finland,NULL,Eastern Finland,NULL
3988,Porvoo,Eastern Uusimaa,4745,Eastern Uusimaa,NULL,Eastern Uusimaa,NULL
4183,Rolim de Moura,Rondinia,4746,Rondinia,NULL,Rondinia,NULL
4185,Abunã,Rondinia,4746,Rondinia,NULL,Rondinia,NULL
5944,Principe da Beira,Rondinia,4746,Rondinia,NULL,Rondinia,NULL
6913,Ji-Paraná,Rondinia,4746,Rondinia,NULL,Rondinia,NULL
5461,Zapala,Neuqutn,4747,Neuqutn,NULL,Neuqutn,NULL
4364,Chos Malal,Neuqutn,4747,Neuqutn,NULL,Neuqutn,NULL
4365,Las Lajas,Neuqutn,4747,Neuqutn,NULL,Neuqutn,NULL
4461,Brugge,Brugge,4748,Brugge,NULL,Brugge,NULL
4463,Charleroi,Charleroi,4749,Charleroi,NULL,Charleroi,NULL
4464,Ali Bayramli,?li Bayramli,4750,?li Bayramli,NULL,?li Bayramli,NULL
4467,Saki,S?ki,4751,S?ki,NULL,S?ki,NULL
4469,Kapan,Z?ngilan,4752,Z?ngilan,NULL,Z?ngilan,NULL
4513,Chibemba,HuOla,4753,HuOla,NULL,HuOla,NULL
4514,Chibia,HuOla,4753,HuOla,NULL,HuOla,NULL
4515,Quipungo,HuOla,4753,HuOla,NULL,HuOla,NULL
4548,Béni Ounif,BZchar,4754,BZchar,NULL,BZchar,NULL
4549,Abadla,BZchar,4754,BZchar,NULL,BZchar,NULL
4573,Tébessa,TZbessa,4755,TZbessa,NULL,TZbessa,NULL
4594,Lida,Hrodna,4756,Hrodna,NULL,Hrodna,NULL
4595,Hrodna,Hrodna,4756,Hrodna,NULL,Hrodna,NULL
4597,Naxcivan,Naxçivan,4757,Naxçivan,NULL,Naxçivan,NULL
4753,Prijedor,Serbian Republic,4758,Serbian Republic,NULL,Serbian Republic,NULL
4754,Banja Luka,Serbian Republic,4758,Serbian Republic,NULL,Serbian Republic,NULL
4782,Pokhara,Gorkha,4759,Gorkha,NULL,Gorkha,NULL
4786,Dzaoudzi,Moyotte,4760,Moyotte,NULL,Moyotte,NULL
4864,Nam Định,Nam n?nh,4761,Nam n?nh,NULL,Nam n?nh,NULL
4865,Vinh,Ngh? An,4762,Ngh? An,NULL,Ngh? An,NULL
4866,Đồng Hới,Qu?ng Bình,4763,Qu?ng Bình,NULL,Qu?ng Bình,NULL
4871,Höfn,Sveitarfélagið Hornafjörður,4764,Sveitarfélagið Hornafjörður,NULL,Sveitarfélagið Hornafjörður,NULL
4889,Pamplona,Comunidad Foral de Navarra,4765,Comunidad Foral de Navarra,NULL,Comunidad Foral de Navarra,NULL
5081,Nampo,Namp'o-si,4766,Namp'o-si,NULL,Namp'o-si,NULL
5280,Kokkola,Western Finland,4767,Western Finland,NULL,Western Finland,NULL
6519,Vaasa,Western Finland,4767,Western Finland,NULL,Western Finland,NULL
5402,Qui Nhon,Bình Ð?nh,4768,Bình Ð?nh,NULL,Bình Ð?nh,NULL
5403,Hue,Th?a Thiên - Hu?,4769,Th?a Thiên - Hu?,NULL,Th?a Thiên - Hu?,NULL
5404,Biên Hòa,Ðông Nam B?,4770,Ðông Nam B?,NULL,Ðông Nam B?,NULL
5405,Can Tho,d?ng b?ng sông C?u Long,4771,d?ng b?ng sông C?u Long,NULL,d?ng b?ng sông C?u Long,NULL
5458,Akureyi,Akureyri,4772,Akureyri,NULL,Akureyri,NULL
5547,Aweil,North Bahr-al-Ghazal,4773,North Bahr-al-Ghazal,NULL,North Bahr-al-Ghazal,NULL
5556,Songkhla,Songkhla (Songkhla Lake),4774,Songkhla (Songkhla Lake),NULL,Songkhla (Songkhla Lake),NULL
5584,Palma,Islas Baleares,4775,Islas Baleares,NULL,Islas Baleares,NULL
5687,Cotabato,Shariff Kabunsuan,4776,Shariff Kabunsuan,NULL,Shariff Kabunsuan,NULL
5715,Zaragoza,Aragón,4777,Aragón,NULL,Aragón,NULL
6001,Laranjal do Jari,Amapi,4778,Amapi,NULL,Amapi,NULL
6002,Amapá,Amapi,4778,Amapi,NULL,Amapi,NULL
6003,Vila Velha,Amapi,4778,Amapi,NULL,Amapi,NULL
6063,El Goléa,Ghardaaa,4779,Ghardaaa,NULL,Ghardaaa,NULL
6970,Ghardaia,Ghardaaa,4779,Ghardaaa,NULL,Ghardaaa,NULL
6069,Sétif,SZtif,4780,SZtif,NULL,SZtif,NULL
6186,Da Nang,Ðà N?ng,4781,Ðà N?ng,NULL,Ðà N?ng,NULL
6235,Ljubljana,Osrednjeslovenska,4782,Osrednjeslovenska,NULL,Osrednjeslovenska,NULL
6366,Pristina,Pristina,4783,Pristina,NULL,Pristina,NULL
6742,Wau,West Bahr-al-Ghazal,4784,West Bahr-al-Ghazal,NULL,West Bahr-al-Ghazal,NULL
7005,Ho Chi Minh City,H? Chí Minh city,4785,H? Chí Minh city,NULL,H? Chí Minh city,NULL
7053,Kuwait,Al Kuwayt,4786,Al Kuwayt,NULL,Al Kuwayt,NULL
7116,Madrid,Comunidad de Madrid,4787,Comunidad de Madrid,NULL,Comunidad de Madrid,NULL
7217,Picton,Malborough,4788,Malborough,NULL,Malborough,NULL
7218,Waitangi,Chatham Is. aggregation,4789,Chatham Is. aggregation,NULL,Chatham Is. aggregation,NULL
7219,Atafu,Tokelau aggregation,4790,Tokelau aggregation,NULL,Tokelau aggregation,NULL
7220,Alofi,Niue aggregation,4791,Niue aggregation,NULL,Niue aggregation,NULL
7221,Raoul Island Station,South I. remainder,4792,South I. remainder,NULL,South I. remainder,NULL
